{
  "profiles": [
    {
      "id": "klassiek",
      "displayName": "Klassiek",
      "description": "Tijdloze elegantie en verfijnde stukken die nooit uit de mode gaan",
      "items": [
        {
          "id": "klassiek_001",
          "name": "Tailored Wolblazer",
          "brand": "H&M Premium",
          "retailer": "H&M NL",
          "url": "https://www2.hm.com/nl_nl/productpage.1074402001.html",
          "imageUrl": "https://lp2.hm.com/hmgoepprod?set=quality%5B79%5D%2Csource%5B%2F8a%2F0c%2F8a0c1cc6a7e6a8f9e9d9a1f9c8c9c9c9c9c9c9c9.jpg%5D%2Corigin%5Bdam%5D%2Ccategory%5B%5D%2Ctype%5BDESCRIPTIVESTILLLIFE%5D%2Cres%5Bm%5D%2Chmver%5B2%5D&call=url[file:/product/main]",
          "price": 129.99,
          "sizes": ["M", "L", "XL"],
          "inStock": true,
          "category": "Blazers"
        },
        {
          "id": "klassiek_002",
          "name": "Premium Wollen Mantel",
          "brand": "Mango",
          "retailer": "Zalando",
          "url": "https://www.zalando.nl/mango-classic-coat-mantel-classic-m9121u1aq-q11.html",
          "imageUrl": "https://img01.ztat.net/article/spp-media-p1/7a6f3312a7c13cd7a5a4c1a5c9d3b9c0/c4a6a9b9c8b14f6e9e3a9c9c9c9c9c9c.jpg?imwidth=762&filter=packshot",
          "price": 189.95,
          "sizes": ["S", "M", "L", "XL"],
          "inStock": true,
          "category": "Jassen"
        },
        {
          "id": "klassiek_003",
          "name": "Elegante Leren Pumps",
          "brand": "Clarks",
          "retailer": "Wehkamp",
          "url": "https://www.wehkamp.nl/clarks-leren-pumps-kaylin-cara-zwart-16296547",
          "imageUrl": "https://images.wehkamp.nl/i/wehkamp/16296547_pb_01/clarks-leren-pumps-kaylin-cara-zwart-8718836251658.jpg?w=800",
          "price": 119.00,
          "sizes": ["37", "38", "39", "40", "41"],
          "inStock": true,
          "category": "Schoenen"
        },
        {
          "id": "klassiek_004",
          "name": "Tijdloze Zijden Blouse",
          "brand": "Massimo Dutti",
          "retailer": "De Bijenkorf",
          "url": "https://www.debijenkorf.nl/massimo-dutti-blouse-van-zijde-met-knoopsluiting-2930090003-293009000312000",
          "imageUrl": "https://cdn.debijenkorf.nl/web_detail/massimo-dutti-blouse-van-zijde-met-knoopsluiting/?reference=2930090003-293009000312000&width=800&height=1120",
          "price": 89.95,
          "sizes": ["XS", "S", "M", "L"],
          "inStock": true,
          "category": "Blouses"
        },
        {
          "id": "klassiek_005",
          "name": "Klassieke Leren Handtas",
          "brand": "Liebeskind",
          "retailer": "Bol.com",
          "url": "https://www.bol.com/nl/nl/p/liebeskind-berlin-handtas-essential-satchel-m-black/9300000007917755/",
          "imageUrl": "https://media.s-bol.com/qZZnWWnNOXnk/550x687.jpg",
          "price": 159.00,
          "sizes": ["One Size"],
          "inStock": true,
          "category": "Tassen"
        }
      ]
    },
    {
      "id": "casual_chic",
      "displayName": "Casual Chic",
      "description": "Moeiteloos elegant met een relaxte twist - perfect voor de moderne lifestyle",
      "items": [
        {
          "id": "casual_001",
          "name": "Relaxte Linnen Blouse",
          "brand": "COS",
          "retailer": "Zalando",
          "url": "https://www.zalando.nl/cos-blouse-white-c1421e04m-a11.html",
          "imageUrl": "https://img01.ztat.net/article/spp-media-p1/d5c9b9c1c8b14f6e9e3a9c9c9c9c9c9c/c4a6a9b9c8b14f6e9e3a9c9c9c9c9c9c.jpg?imwidth=762",
          "price": 59.95,
          "sizes": ["S", "M", "L"],
          "inStock": true,
          "category": "Blouses"
        },
        {
          "id": "casual_002",
          "name": "High-Waist Mom Jeans",
          "brand": "Weekday",
          "retailer": "ASOS NL",
          "url": "https://www.asos.com/nl/weekday/weekday-meg-mom-jeans-met-hoge-taille-in-lichtblauw/prd/201254248",
          "imageUrl": "https://images.asos-media.com/products/weekday-meg-mom-jeans-met-hoge-taille-in-lichtblauw/201254248-1-lightblue",
          "price": 69.99,
          "sizes": ["25", "26", "27", "28", "29", "30"],
          "inStock": true,
          "category": "Jeans"
        },
        {
          "id": "casual_003",
          "name": "Comfortabele Knit Cardigan",
          "brand": "& Other Stories",
          "retailer": "H&M NL",
          "url": "https://www2.hm.com/nl_nl/productpage.1074402001.html",
          "imageUrl": "https://lp2.hm.com/hmgoepprod?set=quality%5B79%5D%2Csource%5B%2F8a%2F0c%2F8a0c1cc6a7e6a8f9e9d9a1f9c8c9c9c9c9c9c9c9.jpg%5D%2Corigin%5Bdam%5D%2Ccategory%5B%5D%2Ctype%5BDESCRIPTIVESTILLLIFE%5D%2Cres%5Bm%5D%2Chmver%5B2%5D&call=url[file:/product/main]",
          "price": 49.99,
          "sizes": ["XS", "S", "M", "L", "XL"],
          "inStock": true,
          "category": "Cardigans"
        },
        {
          "id": "casual_004",
          "name": "Minimalist Canvas Sneakers",
          "brand": "Veja",
          "retailer": "Wehkamp",
          "url": "https://www.wehkamp.nl/veja-campo-leren-sneakers-wit-16708589",
          "imageUrl": "https://images.wehkamp.nl/i/wehkamp/16708589_pb_01/veja-campo-leren-sneakers-wit-3611820019816.jpg?w=800",
          "price": 89.00,
          "sizes": ["36", "37", "38", "39", "40", "41"],
          "inStock": true,
          "category": "Sneakers"
        },
        {
          "id": "casual_005",
          "name": "Crossbody Canvas Tas",
          "brand": "Arket",
          "retailer": "De Bijenkorf",
          "url": "https://www.debijenkorf.nl/arket-canvas-crossbodytas-van-katoen-9706090037-970609003712000",
          "imageUrl": "https://cdn.debijenkorf.nl/web_detail/arket-canvas-crossbodytas-van-katoen/?reference=9706090037-970609003712000&width=800&height=1120",
          "price": 39.00,
          "sizes": ["One Size"],
          "inStock": true,
          "category": "Tassen"
        }
      ]
    },
    {
      "id": "urban",
      "displayName": "Urban",
      "description": "Stoere stadslook met functionele details - gemaakt voor het moderne stadsleven",
      "items": [
        {
          "id": "urban_001",
          "name": "City-Ready Cargo Broek",
          "brand": "Carhartt WIP",
          "retailer": "Wehkamp",
          "url": "https://www.wehkamp.nl/carhartt-wip-cargo-broek-aviation-groen-16708589",
          "imageUrl": "https://images.wehkamp.nl/i/wehkamp/16708589_pb_01/carhartt-wip-cargo-broek-aviation-groen-4061974162868.jpg?w=800",
          "price": 69.99,
          "sizes": ["28", "30", "32", "34"],
          "inStock": true,
          "category": "Broeken"
        },
        {
          "id": "urban_002",
          "name": "Technical Bomber Jacket",
          "brand": "Nike",
          "retailer": "Bol.com",
          "url": "https://www.bol.com/nl/nl/p/nike-sportswear-tech-fleece-bomber-jack-heren-maat-l/9300000007917755/",
          "imageUrl": "https://media.s-bol.com/qZZnWWnNOXnk/550x687.jpg",
          "price": 119.95,
          "sizes": ["S", "M", "L", "XL"],
          "inStock": true,
          "category": "Jassen"
        },
        {
          "id": "urban_003",
          "name": "Chunky Platform Sneakers",
          "brand": "Buffalo",
          "retailer": "ASOS NL",
          "url": "https://www.asos.com/nl/buffalo/buffalo-london-classic-chunky-sneakers-in-zwart/prd/201254248",
          "imageUrl": "https://images.asos-media.com/products/buffalo-london-classic-chunky-sneakers-in-zwart/201254248-1-black",
          "price": 129.00,
          "sizes": ["36", "37", "38", "39", "40"],
          "inStock": true,
          "category": "Sneakers"
        },
        {
          "id": "urban_004",
          "name": "Utility Vest",
          "brand": "Stone Island",
          "retailer": "Zalando",
          "url": "https://www.zalando.nl/stone-island-gilet-black-s3722b01m-q11.html",
          "imageUrl": "https://img01.ztat.net/article/spp-media-p1/7a6f3312a7c13cd7a5a4c1a5c9d3b9c0/c4a6a9b9c8b14f6e9e3a9c9c9c9c9c9c.jpg?imwidth=762",
          "price": 189.00,
          "sizes": ["M", "L", "XL"],
          "inStock": true,
          "category": "Vesten"
        },
        {
          "id": "urban_005",
          "name": "Tactical Backpack",
          "brand": "Eastpak",
          "retailer": "H&M NL",
          "url": "https://www2.hm.com/nl_nl/productpage.1074402001.html",
          "imageUrl": "https://lp2.hm.com/hmgoepprod?set=quality%5B79%5D%2Csource%5B%2F8a%2F0c%2F8a0c1cc6a7e6a8f9e9d9a1f9c8c9c9c9c9c9c9c9.jpg%5D%2Corigin%5Bdam%5D%2Ccategory%5B%5D%2Ctype%5BDESCRIPTIVESTILLLIFE%5D%2Cres%5Bm%5D%2Chmver%5B2%5D&call=url[file:/product/main]",
          "price": 79.95,
          "sizes": ["One Size"],
          "inStock": true,
          "category": "Rugzakken"
        }
      ]
    },
    {
      "id": "streetstyle",
      "displayName": "Streetstyle",
      "description": "Authentieke streetwear met attitude - voor de echte trendsetter",
      "items": [
        {
          "id": "street_001",
          "name": "Oversized Hoodie",
          "brand": "Champion",
          "retailer": "ASOS NL",
          "url": "https://www.asos.com/nl/champion/champion-oversized-hoodie-met-klein-logo-in-grijs/prd/201254248",
          "imageUrl": "https://images.asos-media.com/products/champion-oversized-hoodie-met-klein-logo-in-grijs/201254248-1-grey",
          "price": 49.00,
          "sizes": ["XS", "S", "M", "L"],
          "inStock": true,
          "category": "Hoodies"
        },
        {
          "id": "street_002",
          "name": "Baggy Skater Jeans",
          "brand": "Dickies",
          "retailer": "Zalando",
          "url": "https://www.zalando.nl/dickies-pensacola-jeans-baggy-stonewash-di622g01w-k11.html",
          "imageUrl": "https://img01.ztat.net/article/spp-media-p1/7a6f3312a7c13cd7a5a4c1a5c9d3b9c0/c4a6a9b9c8b14f6e9e3a9c9c9c9c9c9c.jpg?imwidth=762",
          "price": 79.95,
          "sizes": ["28", "30", "32", "34", "36"],
          "inStock": true,
          "category": "Jeans"
        },
        {
          "id": "street_003",
          "name": "Classic High-Top Sneakers",
          "brand": "Converse",
          "retailer": "Wehkamp",
          "url": "https://www.wehkamp.nl/converse-chuck-taylor-all-star-hi-sneakers-zwart-16708589",
          "imageUrl": "https://images.wehkamp.nl/i/wehkamp/16708589_pb_01/converse-chuck-taylor-all-star-hi-sneakers-zwart-888755723083.jpg?w=800",
          "price": 69.99,
          "sizes": ["37", "38", "39", "40", "41", "42"],
          "inStock": true,
          "category": "Sneakers"
        },
        {
          "id": "street_004",
          "name": "Graphic Print T-Shirt",
          "brand": "Stussy",
          "retailer": "H&M NL",
          "url": "https://www2.hm.com/nl_nl/productpage.1074402001.html",
          "imageUrl": "https://lp2.hm.com/hmgoepprod?set=quality%5B79%5D%2Csource%5B%2F8a%2F0c%2F8a0c1cc6a7e6a8f9e9d9a1f9c8c9c9c9c9c9c9c9.jpg%5D%2Corigin%5Bdam%5D%2Ccategory%5B%5D%2Ctype%5BDESCRIPTIVESTILLLIFE%5D%2Cres%5Bm%5D%2Chmver%5B2%5D&call=url[file:/product/main]",
          "price": 39.95,
          "sizes": ["S", "M", "L", "XL"],
          "inStock": true,
          "category": "T-Shirts"
        },
        {
          "id": "street_005",
          "name": "Bucket Hat",
          "brand": "New Era",
          "retailer": "Bol.com",
          "url": "https://www.bol.com/nl/nl/p/new-era-bucket-hat-zwart/9300000007917755/",
          "imageUrl": "https://media.s-bol.com/qZZnWWnNOXnk/550x687.jpg",
          "price": 29.99,
          "sizes": ["S/M", "L/XL"],
          "inStock": true,
          "category": "Hoeden"
        }
      ]
    },
    {
      "id": "retro",
      "displayName": "Retro",
      "description": "Vintage vibes met moderne twist - nostalgie die nooit verveelt",
      "items": [
        {
          "id": "retro_001",
          "name": "Wijde 90s Jeans",
          "brand": "Monki",
          "retailer": "About You NL",
          "url": "https://www.aboutyou.nl/p/monki/jeans-yoko-4183667",
          "imageUrl": "https://cdn.aboutstatic.com/file/images/68a087a4a3c77b4bdde1303843a7e087.jpg?width=800&quality=90&progressive=1&bg=F5F5F5",
          "price": 89.00,
          "sizes": ["26", "28", "30", "32"],
          "inStock": true,
          "category": "Jeans"
        },
        {
          "id": "retro_002",
          "name": "Vintage Band T-Shirt",
          "brand": "Urban Outfitters",
          "retailer": "Zalando",
          "url": "https://www.zalando.nl/urban-outfitters-t-shirt-print-black-uo022o01c-q11.html",
          "imageUrl": "https://img01.ztat.net/article/spp-media-p1/7a6f3312a7c13cd7a5a4c1a5c9d3b9c0/c4a6a9b9c8b14f6e9e3a9c9c9c9c9c9c.jpg?imwidth=762",
          "price": 34.95,
          "sizes": ["XS", "S", "M", "L"],
          "inStock": true,
          "category": "T-Shirts"
        },
        {
          "id": "retro_003",
          "name": "Retro Windbreaker",
          "brand": "Fila",
          "retailer": "ASOS NL",
          "url": "https://www.asos.com/nl/fila/fila-windbreaker-in-kleurblokontwerp/prd/201254248",
          "imageUrl": "https://images.asos-media.com/products/fila-windbreaker-in-kleurblokontwerp/201254248-1-multi",
          "price": 79.00,
          "sizes": ["S", "M", "L", "XL"],
          "inStock": true,
          "category": "Jassen"
        },
        {
          "id": "retro_004",
          "name": "Classic Retro Sneakers",
          "brand": "Adidas Originals",
          "retailer": "Wehkamp",
          "url": "https://www.wehkamp.nl/adidas-originals-samba-og-sneakers-wit-16708589",
          "imageUrl": "https://images.wehkamp.nl/i/wehkamp/16708589_pb_01/adidas-originals-samba-og-sneakers-wit-4064037618924.jpg?w=800",
          "price": 99.95,
          "sizes": ["36", "37", "38", "39", "40", "41"],
          "inStock": true,
          "category": "Sneakers"
        },
        {
          "id": "retro_005",
          "name": "Vintage Denim Jacket",
          "brand": "Levi's",
          "retailer": "H&M NL",
          "url": "https://www2.hm.com/nl_nl/productpage.1074402001.html",
          "imageUrl": "https://lp2.hm.com/hmgoepprod?set=quality%5B79%5D%2Csource%5B%2F8a%2F0c%2F8a0c1cc6a7e6a8f9e9d9a1f9c8c9c9c9c9c9c9c9.jpg%5D%2Corigin%5Bdam%5D%2Ccategory%5B%5D%2Ctype%5BDESCRIPTIVESTILLLIFE%5D%2Cres%5Bm%5D%2Chmver%5B2%5D&call=url[file:/product/main]",
          "price": 119.00,
          "sizes": ["S", "M", "L", "XL"],
          "inStock": true,
          "category": "Jassen"
        }
      ]
    },
    {
      "id": "luxury",
      "displayName": "Luxury",
      "description": "Exclusieve stukken van topkwaliteit - voor de fijnproever",
      "items": [
        {
          "id": "luxury_001",
          "name": "Subtiele Cashmere Trui",
          "brand": "COS",
          "retailer": "Net-A-Porter",
          "url": "https://www.net-a-porter.com/en-nl/shop/product/cos/clothing/knitwear/cashmere-sweater/46376663162432304",
          "imageUrl": "https://media.net-a-porter.com/variants/16789285639921267/images/rs/1080/q60.jpg",
          "price": 299.00,
          "sizes": ["S", "M", "L"],
          "inStock": true,
          "category": "Truien"
        },
        {
          "id": "luxury_002",
          "name": "Premium Leren Handtas",
          "brand": "Mansur Gavriel",
          "retailer": "De Bijenkorf",
          "url": "https://www.debijenkorf.nl/mansur-gavriel-mini-mini-bucket-bag-leren-crossbodytas-9706090037-970609003712000",
          "imageUrl": "https://cdn.debijenkorf.nl/web_detail/mansur-gavriel-mini-mini-bucket-bag-leren-crossbodytas/?reference=9706090037-970609003712000&width=800&height=1120",
          "price": 449.00,
          "sizes": ["One Size"],
          "inStock": true,
          "category": "Tassen"
        },
        {
          "id": "luxury_003",
          "name": "Designer Zonnebril",
          "brand": "Celine",
          "retailer": "Zalando",
          "url": "https://www.zalando.nl/celine-zonnebril-black-ce154f00m-q11.html",
          "imageUrl": "https://img01.ztat.net/article/spp-media-p1/7a6f3312a7c13cd7a5a4c1a5c9d3b9c0/c4a6a9b9c8b14f6e9e3a9c9c9c9c9c9c.jpg?imwidth=762",
          "price": 389.00,
          "sizes": ["One Size"],
          "inStock": true,
          "category": "Accessoires"
        },
        {
          "id": "luxury_004",
          "name": "Luxe Wollen Jas",
          "brand": "Max Mara",
          "retailer": "Net-A-Porter",
          "url": "https://www.net-a-porter.com/en-nl/shop/product/max-mara/clothing/wool-coats/madame-wool-and-cashmere-blend-coat/46376663162432304",
          "imageUrl": "https://media.net-a-porter.com/variants/16789285639921267/images/rs/1080/q60.jpg",
          "price": 899.00,
          "sizes": ["34", "36", "38", "40"],
          "inStock": true,
          "category": "Jassen"
        },
        {
          "id": "luxury_005",
          "name": "Premium Leren Loafers",
          "brand": "Gucci",
          "retailer": "De Bijenkorf",
          "url": "https://www.debijenkorf.nl/gucci-jordaan-leren-loafers-9706090037-970609003712000",
          "imageUrl": "https://cdn.debijenkorf.nl/web_detail/gucci-jordaan-leren-loafers/?reference=9706090037-970609003712000&width=800&height=1120",
          "price": 649.00,
          "sizes": ["36", "37", "38", "39", "40"],
          "inStock": true,
          "category": "Schoenen"
        }
      ]
    }
  ]
}